{
  "brand_hashtags": [
    "anantara", "avani", "nhcollection", "minorhotels", "niyamamaldives", "fccangkor"
  ],
  "location_hint_keywords": [
    "bangkok", "riverside", "sukhumvit", "asoke", "chiang mai", "pattaya", "hua hin",
    "khon kaen", "khao lak", "koh yao yai", "samui", "koh samui",
    "hoi an", "quy nhon", "mui ne", "luang prabang",
    "siem reap", "angkor", "uluwatu", "bali",
    "dubai", "palm jumeirah", "abu dhabi", "liwa", "qasr al sarab",
    "doha", "banana island",
    "muscat", "jabal akhdar", "salalah",
    "mauritius",
    "maldives", "kihavah", "veli", "dhigu", "havodda", "niyama",
    "colombo",
    "gaborone",
    "pemba", "bazaruto",
    "johannesburg", "sandton",
    "windhoek",
    "livingstone", "victoria falls",
    "santorini"
  ],
  "competitor_terms": [
    "marriott", "hilton", "hyatt", "accor", "four seasons", "shangri-la",
    "ritz-carlton", "sofitel", "intercontinental"
  ],
  "disclosure_terms": [
    "#ad", "sponsored", "paid partnership", "paid-partnership", "in partnership with", "ad"
  ],
  "cta_terms": [
    "book", "reserve", "link in bio", "swipe", "tap", "call", "dm", "visit our website",
    "visit website", "enquire", "inquire"
  ],
  "claim_terms": [
    "guarantee", "best price", "best-rate", "exclusive", "limited time", "% off", "discount",
    "free stay", "complimentary stay", "2-for-1", "all inclusive", "all-inclusive"
  ],
  "currency_symbols": ["฿","$","€","£","AED","USD","THB","QAR","OMR","VND","₫","₭","₨","₺","R","ZAR","MUR"],
  "preferred_langs_by_country": {
    "TH": ["th","en"],
    "AE": ["ar","en"],
    "QA": ["ar","en"],
    "OM": ["ar","en"],
    "VN": ["vi","en"],
    "KH": ["km","en"],
    "LA": ["lo","en"],
    "ID": ["id","en"],
    "MV": ["dv","en"],
    "MU": ["en","fr"],
    "ZA": ["en"],
    "BW": ["en"],
    "NA": ["en"],
    "MZ": ["pt","en"],
    "ZM": ["en"],
    "GR": ["el","en"],
    "QA": ["ar","en"]
  },
  "pillars": {
    "rooms": ["suite","room","villa","bedroom","balcony","ocean view","garden view","pool villa"],
    "fnb": ["restaurant","breakfast","brunch","dinner","bar","cocktail","wine","buffet","chef","menu"],
    "spa": ["spa","massage","wellness","yoga","sala","steam","sauna","treatment"],
    "experiences": ["tour","excursion","sunset cruise","snorkel","diving","cooking class","temple","market","safari"],
    "meetings": ["meeting","conference","event","wedding","banquet","ballroom","mice"],
    "family": ["kids","family","child","children","babysitting","playground","family-friendly"]
  },
  "portfolio": [
    {"handle":"anantara.chiangmai","brand":"anantara","country_code":"TH","country":"Thailand","city":"Chiang Mai"},
    {"handle":"anantarariverside","brand":"anantara","country_code":"TH","country":"Thailand","city":"Bangkok","area":"Riverside"},
    {"handle":"avanibangkok","brand":"avani","country_code":"TH","country":"Thailand","city":"Bangkok"},
    {"handle":"avanipattaya","brand":"avani","country_code":"TH","country":"Thailand","city":"Pattaya"},
    {"handle":"anantarahuahin","brand":"anantara","country_code":"TH","country":"Thailand","city":"Hua Hin"},
    {"handle":"avanihuahin","brand":"avani","country_code":"TH","country":"Thailand","city":"Hua Hin"},
    {"handle":"nhcollectioncmb","brand":"nhcollection","country_code":"LK","country":"Sri Lanka","city":"Colombo"},
    {"handle":"anantarahoian","brand":"anantara","country_code":"VN","country":"Vietnam","city":"Hoi An"},
    {"handle":"anantaraquynhon","brand":"anantara","country_code":"VN","country":"Vietnam","city":"Quy Nhon"},
    {"handle":"avaniquynhon","brand":"avani","country_code":"VN","country":"Vietnam","city":"Quy Nhon"},
    {"handle":"anantarakihavahmaldives","brand":"anantara","country_code":"MV","country":"Maldives","island":"Kihavah"},
    {"handle":"anantaraveli","brand":"anantara","country_code":"MV","country":"Maldives","island":"Veli"},
    {"handle":"anantaradhigu","brand":"anantara","country_code":"MV","country":"Maldives","island":"Dhigu"},
    {"handle":"niyamamaldives","brand":"niyama","country_code":"MV","country":"Maldives","island":"Niyama"},
    {"handle":"avanimaldives","brand":"avani","country_code":"MV","country":"Maldives"},
    {"handle":"nhcmaldiveshavoddaresort","brand":"nhcollection","country_code":"MV","country":"Maldives","island":"Havodda"},
    {"handle":"anantaraqasralsarab","brand":"anantara","country_code":"AE","country":"United Arab Emirates","city":"Abu Dhabi","area":"Liwa / Qasr Al Sarab"},
    {"handle":"anantarathepalmdubai","brand":"anantara","country_code":"AE","country":"United Arab Emirates","city":"Dubai","area":"Palm Jumeirah"},
    {"handle":"avanipalmviewdubai","brand":"avani","country_code":"AE","country":"United Arab Emirates","city":"Dubai","area":"Palm View"},
    {"handle":"nhcollectiondubai","brand":"nhcollection","country_code":"AE","country":"United Arab Emirates","city":"Dubai"},
    {"handle":"bananaislandresort","brand":"anantara","country_code":"QA","country":"Qatar","city":"Doha","area":"Banana Island"},
    {"handle":"anantarasantorini","brand":"anantara","country_code":"GR","country":"Greece","city":"Santorini"},
    {"handle":"anantarasalalah","brand":"anantara","country_code":"OM","country":"Oman","city":"Salalah"},
    {"handle":"anantaraikomauritius","brand":"anantara","country_code":"MU","country":"Mauritius","city":"Blue Bay"},
    {"handle":"avanigaborone","brand":"avani","country_code":"BW","country":"Botswana","city":"Gaborone"},
    {"handle":"avanipembabeach","brand":"avani","country_code":"MZ","country":"Mozambique","city":"Pemba"},
    {"handle":"anantarabazaruto","brand":"anantara","country_code":"MZ","country":"Mozambique","area":"Bazaruto Archipelago"},
    {"handle":"nhjohannesburgsandton","brand":"nhcollection","country_code":"ZA","country":"South Africa","city":"Johannesburg","area":"Sandton"},
    {"handle":"avaniwindhoek","brand":"avani","country_code":"NA","country":"Namibia","city":"Windhoek"},
    {"handle":"royallivingstoneanantara","brand":"anantara","country_code":"ZM","country":"Zambia","city":"Livingstone","area":"Victoria Falls"},
    {"handle":"avanikhonkaen","brand":"avani","country_code":"TH","country":"Thailand","city":"Khon Kaen"},
    {"handle":"avanisukhumvit","brand":"avani","country_code":"TH","country":"Thailand","city":"Bangkok","area":"Sukhumvit"},
    {"handle":"nhbangkoksukhumvit","brand":"nhcollection","country_code":"TH","country":"Thailand","city":"Bangkok","area":"Sukhumvit"},
    {"handle":"nhbangkokasoke","brand":"nhcollection","country_code":"TH","country":"Thailand","city":"Bangkok","area":"Asoke"},
    {"handle":"anantaraangkor","brand":"anantara","country_code":"KH","country":"Cambodia","city":"Siem Reap","area":"Angkor"},
    {"handle":"fccangkorbyavani","brand":"avani","country_code":"KH","country":"Cambodia","city":"Siem Reap","area":"Angkor"},
    {"handle":"anantarauluwatu","brand":"anantara","country_code":"ID","country":"Indonesia","city":"Uluwatu","island":"Bali"},
    {"handle":"avaniluangprabang","brand":"avani","country_code":"LA","country":"Laos","city":"Luang Prabang"},
    {"handle":"anantaramuine","brand":"anantara","country_code":"VN","country":"Vietnam","city":"Mui Ne"},
    {"handle":"nh.collection.samui","brand":"nhcollection","country_code":"TH","country":"Thailand","city":"Koh Samui"},
    {"handle":"avanikhaolak","brand":"avani","country_code":"TH","country":"Thailand","city":"Khao Lak"},
    {"handle":"anantara.jabalakhdar","brand":"anantara","country_code":"OM","country":"Oman","city":"Jabal Akhdar"},
    {"handle":"anantarakohyaoyairesort","brand":"anantara","country_code":"TH","country":"Thailand","city":"Koh Yao Yai"}
  ],
  "hashtag_min": 2,
  "hashtag_max": 12,
  "caption_min_chars": 10,
  "caption_max_chars": 140,
  "cadence_target_posts_per_week": 2
}
